County,Town
Barnstable County,Barnstable
Barnstable County,Bourne
Barnstable County,Brewster
Barnstable County,Chatham
Barnstable County,Dennis
Barnstable County,Eastham
Barnstable County,Falmouth
Barnstable County,Harwich
Barnstable County,Mashpee
Barnstable County,Orleans
Barnstable County,Provincetown
Barnstable County,Sandwich
Barnstable County,Truro
Barnstable County,Wellfleet
Barnstable County,Yarmouth
Berkshire County,Adams
Berkshire County,Alford
Berkshire County,Becket
Berkshire County,Cheshire
Berkshire County,Clarksburg
Berkshire County,Dalton
Berkshire County,Egremont
Berkshire County,Florida
Berkshire County,Great Barrington
Berkshire County,Hancock
Berkshire County,Hinsdale
Berkshire County,Lanesborough
Berkshire County,Lee
Berkshire County,Lenox
Berkshire County,Monterey
Berkshire County,Mount Washington
Berkshire County,New Ashford
Berkshire County,New Marlborough
Berkshire County,NORTH ADAMS
Berkshire County,Otis
Berkshire County,Peru
Berkshire County,PITTSFIELD
Berkshire County,Richmond
Berkshire County,Sandisfield
Berkshire County,Savoy
Berkshire County,Sheffield
Berkshire County,Stockbridge
Berkshire County,Tyringham
Berkshire County,Washington
Berkshire County,West Stockbridge
Berkshire County,Williamstown
Berkshire County,Windsor
Bristol County,Acushnet
Bristol County,Aquinnah
Bristol County,ATTLEBORO
Bristol County,Berkley
Bristol County,Chilmark
Bristol County,Dartmouth
Bristol County,Dighton
Bristol County,Dukes County (7)
Bristol County,Easton
Bristol County,Edgartown
Bristol County,Fairhaven
Bristol County,FALL RIVER
Bristol County,Freetown
Bristol County,Gosnold
Bristol County,Mansfield
Bristol County,NEW BEDFORD
Bristol County,North Attleborough
Bristol County,Norton
Bristol County,Oak Bluffs
Bristol County,Raynham
Bristol County,Rehoboth
Bristol County,Seekonk
Bristol County,Somerset
Bristol County,Swansea
Bristol County,TAUNTON
Bristol County,Tisbury
Bristol County,Top of page
Bristol County,West Tisbury
Bristol County,Westport
Essex County,Amesbury
Essex County,Andover
Essex County,BEVERLY
Essex County,Boxford
Essex County,Danvers
Essex County,Essex
Essex County,Georgetown
Essex County,GLOUCESTER
Essex County,Groveland
Essex County,Hamilton
Essex County,HAVERHILL
Essex County,Ipswich
Essex County,LAWRENCE
Essex County,LYNN
Essex County,Lynnfield
Essex County,Manchester-by-the-Sea
Essex County,Marblehead
Essex County,Merrimac
Essex County,Methuen
Essex County,Middleton
Essex County,Nahant
Essex County,Newbury
Essex County,NEWBURYPORT
Essex County,North Andover
Essex County,PEABODY
Essex County,Rockport
Essex County,Rowley
Essex County,SALEM
Essex County,Salisbury
Essex County,Saugus
Essex County,Swampscott
Essex County,Topsfield
Essex County,Wenham
Essex County,West Newbury
Franklin County,Ashfield
Franklin County,Bernardston
Franklin County,Buckland
Franklin County,Charlemont
Franklin County,Colrain
Franklin County,Conway
Franklin County,Deerfield
Franklin County,Erving
Franklin County,Gill
Franklin County,Greenfield
Franklin County,Hawley
Franklin County,Heath
Franklin County,Leverett
Franklin County,Leyden
Franklin County,Monroe
Franklin County,Montague
Franklin County,New Salem
Franklin County,Northfield
Franklin County,Orange
Franklin County,Rowe
Franklin County,Shelburne
Franklin County,Shutesbury
Franklin County,Sunderland
Franklin County,Warwick
Franklin County,Wendell
Franklin County,Whately
Hampden County,Agawam
Hampden County,Blandford
Hampden County,Brimfield
Hampden County,Chester
Hampden County,CHICOPEE
Hampden County,East Longmeadow
Hampden County,Granville
Hampden County,Hampden
Hampden County,Holland
Hampden County,HOLYOKE
Hampden County,Longmeadow
Hampden County,Ludlow
Hampden County,Monson
Hampden County,Montgomery
Hampden County,Palmer
Hampden County,Russell
Hampden County,Southwick
Hampden County,SPRINGFIELD
Hampden County,Tolland
Hampden County,Wales
Hampden County,West Springfield
Hampden County,WESTFIELD
Hampden County,Wilbraham
Hampshire County,Amherst
Hampshire County,Belchertown
Hampshire County,Chesterfield
Hampshire County,Cummington
Hampshire County,Easthampton
Hampshire County,Goshen
Hampshire County,Granby
Hampshire County,Hadley
Hampshire County,Hatfield
Hampshire County,Huntington
Hampshire County,Middlefield
Hampshire County,NORTHAMPTON
Hampshire County,Pelham
Hampshire County,Plainfield
Hampshire County,South Hadley
Hampshire County,Southampton
Hampshire County,Ware
Hampshire County,Westhampton
Hampshire County,Williamsburg
Hampshire County,Worthington
Middlesex County,Acton
Middlesex County,Arlington
Middlesex County,Ashby
Middlesex County,Ashland
Middlesex County,Ayer
Middlesex County,Bedford
Middlesex County,Belmont
Middlesex County,Billerica
Middlesex County,Boxborough
Middlesex County,Burlington
Middlesex County,CAMBRIDGE
Middlesex County,Carlisle
Middlesex County,Chelmsford
Middlesex County,Concord
Middlesex County,Dracut
Middlesex County,Dunstable
Middlesex County,EVERETT
Middlesex County,Framingham
Middlesex County,Groton
Middlesex County,Holliston
Middlesex County,Hopkinton
Middlesex County,Hudson
Middlesex County,Lexington
Middlesex County,Lincoln
Middlesex County,Littleton
Middlesex County,LOWELL
Middlesex County,MALDEN
Middlesex County,MARLBOROUGH
Middlesex County,Maynard
Middlesex County,MEDFORD
Middlesex County,MELROSE
Middlesex County,Natick
Middlesex County,NEWTON
Middlesex County,North Reading
Middlesex County,Pepperell
Middlesex County,Reading
Middlesex County,Sherborn
Middlesex County,Shirley
Middlesex County,SOMERVILLE
Middlesex County,Stoneham
Middlesex County,Stow
Middlesex County,Sudbury
Middlesex County,Tewksbury
Middlesex County,Townsend
Middlesex County,Tyngsborough
Middlesex County,Wakefield
Middlesex County,WALTHAM
Middlesex County,Watertown
Middlesex County,Wayland
Middlesex County,Westford
Middlesex County,Weston
Middlesex County,Wilmington
Middlesex County,Winchester
Middlesex County,WOBURN
Nantucket County,Nantucket
Norfolk County,Avon
Norfolk County,Bellingham
Norfolk County,Braintree
Norfolk County,Brookline
Norfolk County,Canton
Norfolk County,Cohasset
Norfolk County,Dedham
Norfolk County,Dover
Norfolk County,Foxborough
Norfolk County,Franklin
Norfolk County,Holbrook
Norfolk County,Medfield
Norfolk County,Medway
Norfolk County,Millis
Norfolk County,Milton
Norfolk County,Needham
Norfolk County,Norfolk
Norfolk County,Norwood
Norfolk County,Plainville
Norfolk County,QUINCY
Norfolk County,Randolph
Norfolk County,Sharon
Norfolk County,Stoughton
Norfolk County,Walpole
Norfolk County,Wellesley
Norfolk County,Westwood
Norfolk County,Weymouth
Norfolk County,Wrentham
Plymouth County,Abington
Plymouth County,Bridgewater
Plymouth County,BROCKTON
Plymouth County,Carver
Plymouth County,Duxbury
Plymouth County,East Bridgewater
Plymouth County,Halifax
Plymouth County,Hanover
Plymouth County,Hanson
Plymouth County,Hingham
Plymouth County,Hull
Plymouth County,Kingston
Plymouth County,Lakeville
Plymouth County,Marion
Plymouth County,Marshfield
Plymouth County,Mattapoisett
Plymouth County,Middleborough
Plymouth County,Norwell
Plymouth County,Pembroke
Plymouth County,Plymouth
Plymouth County,Plympton
Plymouth County,Rochester
Plymouth County,Rockland
Plymouth County,Scituate
Plymouth County,Wareham
Plymouth County,West Bridgewater
Plymouth County,Whitman
Suffolk County,BOSTON
Suffolk County,CHELSEA
Suffolk County,REVERE
Suffolk County,Winthrop
Worcester County,Ashburnham
Worcester County,Athol
Worcester County,Auburn
Worcester County,Barre
Worcester County,Berlin
Worcester County,Blackstone
Worcester County,Bolton
Worcester County,Boylston
Worcester County,Brookfield
Worcester County,Charlton
Worcester County,Clinton
Worcester County,Douglas
Worcester County,Dudley
Worcester County,East Brookfield
Worcester County,FITCHBURG
Worcester County,GARDNER
Worcester County,Grafton
Worcester County,Hardwick
Worcester County,Harvard
Worcester County,Holden
Worcester County,Hopedale
Worcester County,Hubbardston
Worcester County,Lancaster
Worcester County,Leicester
Worcester County,LEOMINSTER
Worcester County,Lunenburg
Worcester County,Mendon
Worcester County,Milford
Worcester County,Millbury
Worcester County,Millville
Worcester County,New Braintree
Worcester County,North Brookfield
Worcester County,Northborough
Worcester County,Northbridge
Worcester County,Oakham
Worcester County,Oxford
Worcester County,Paxton
Worcester County,Petersham
Worcester County,Phillipston
Worcester County,Princeton
Worcester County,Royalston
Worcester County,Rutland
Worcester County,Shrewsbury
Worcester County,Southborough
Worcester County,Southbridge
Worcester County,Spencer
Worcester County,Sterling
Worcester County,Sturbridge
Worcester County,Sutton
Worcester County,Templeton
Worcester County,Upton
Worcester County,Uxbridge
Worcester County,Warren
Worcester County,Webster
Worcester County,West Boylston
Worcester County,West Brookfield
Worcester County,Westborough
Worcester County,Westminster
Worcester County,Winchendon
Worcester County,WORCESTER
